year,link
view,/wiki/Template:List_of_films_by_letter
talk,/wiki/Template_talk:List_of_films_by_letter
edit,//en.wikipedia.org/w/index.php?title=Template:List_of_films_by_letter&action=edit
2020s,/w/index.php?title=2020s_in_film&action=edit&redlink=1
2020,/wiki/2020_in_film
2021,/wiki/2021_in_film
2022,/w/index.php?title=2022_in_film&action=edit&redlink=1
2023,/w/index.php?title=2023_in_film&action=edit&redlink=1
2024,/w/index.php?title=2024_in_film&action=edit&redlink=1
2025,/w/index.php?title=2025_in_film&action=edit&redlink=1
2026,/w/index.php?title=2026_in_film&action=edit&redlink=1
2027,/w/index.php?title=2027_in_film&action=edit&redlink=1
2028,/w/index.php?title=2028_in_film&action=edit&redlink=1
2029,/w/index.php?title=2029_in_film&action=edit&redlink=1
2010s,/wiki/2010s_in_film
2010,/wiki/2010_in_film
2011,/wiki/2011_in_film
2012,/wiki/2012_in_film
2013,/wiki/2013_in_film
2014,/wiki/2014_in_film
2015,/wiki/2015_in_film
2016,/wiki/2016_in_film
2017,/wiki/2017_in_film
2018,/wiki/2018_in_film
2019,/wiki/2019_in_film
2000s,/wiki/2000s_in_film
2000,/wiki/2000_in_film
2001,/wiki/2001_in_film
2002,/wiki/2002_in_film
2003,/wiki/2003_in_film
2004,/wiki/2004_in_film
2005,/wiki/2005_in_film
2006,/wiki/2006_in_film
2007,/wiki/2007_in_film
2008,/wiki/2008_in_film
2009,/wiki/2009_in_film
1990s,/wiki/1990s_in_film
1990,/wiki/1990_in_film
1991,/wiki/1991_in_film
1992,/wiki/1992_in_film
1993,/wiki/1993_in_film
1994,/wiki/1994_in_film
1995,/wiki/1995_in_film
1996,/wiki/1996_in_film
1997,/wiki/1997_in_film
1998,/wiki/1998_in_film
1999,/wiki/1999_in_film
1980s,/wiki/1980s_in_film
1980,/wiki/1980_in_film
1981,/wiki/1981_in_film
1982,/wiki/1982_in_film
1983,/wiki/1983_in_film
1984,/wiki/1984_in_film
1985,/wiki/1985_in_film
1986,/wiki/1986_in_film
1987,/wiki/1987_in_film
1988,/wiki/1988_in_film
1989,/wiki/1989_in_film
1970s,/wiki/1970s_in_film
1970,/wiki/1970_in_film
1971,/wiki/1971_in_film
1972,/wiki/1972_in_film
1973,/wiki/1973_in_film
1974,/wiki/1974_in_film
1975,/wiki/1975_in_film
1976,/wiki/1976_in_film
1977,/wiki/1977_in_film
1978,/wiki/1978_in_film
1979,/wiki/1979_in_film
1960s,/wiki/1960s_in_film
1960,/wiki/1960_in_film
1961,/wiki/1961_in_film
1962,/wiki/1962_in_film
1963,/wiki/1963_in_film
1964,/wiki/1964_in_film
1965,/wiki/1965_in_film
1966,/wiki/1966_in_film
1967,/wiki/1967_in_film
1968,/wiki/1968_in_film
1969,/wiki/1969_in_film
1950s,/wiki/1950s_in_film
1950,/wiki/1950_in_film
1951,/wiki/1951_in_film
1952,/wiki/1952_in_film
1953,/wiki/1953_in_film
1954,/wiki/1954_in_film
1955,/wiki/1955_in_film
1956,/wiki/1956_in_film
1957,/wiki/1957_in_film
1958,/wiki/1958_in_film
1959,/wiki/1959_in_film
1940s,/wiki/1940s_in_film
1940,/wiki/1940_in_film
1941,/wiki/1941_in_film
1942,/wiki/1942_in_film
1943,/wiki/1943_in_film
1944,/wiki/1944_in_film
1945,/wiki/1945_in_film
1946,/wiki/1946_in_film
1947,/wiki/1947_in_film
1948,/wiki/1948_in_film
1949,/wiki/1949_in_film
1930s,/wiki/1930s_in_film
1930,/wiki/1930_in_film
1931,/wiki/1931_in_film
1932,/wiki/1932_in_film
1933,/wiki/1933_in_film
1934,/wiki/1934_in_film
1935,/wiki/1935_in_film
1936,/wiki/1936_in_film
1937,/wiki/1937_in_film
1938,/wiki/1938_in_film
1939,/wiki/1939_in_film
1920s,/wiki/1920s_in_film
1920,/wiki/1920_in_film
1921,/wiki/1921_in_film
1922,/wiki/1922_in_film
1923,/wiki/1923_in_film
1924,/wiki/1924_in_film
1925,/wiki/1925_in_film
1926,/wiki/1926_in_film
1927,/wiki/1927_in_film
1928,/wiki/1928_in_film
1929,/wiki/1929_in_film
1910s,/wiki/1910s_in_film
1910,/wiki/1910_in_film
1911,/wiki/1911_in_film
1912,/wiki/1912_in_film
1913,/wiki/1913_in_film
1914,/wiki/1914_in_film
1915,/wiki/1915_in_film
1916,/wiki/1916_in_film
1917,/wiki/1917_in_film
1918,/wiki/1918_in_film
1919,/wiki/1919_in_film
1900s,/wiki/1900s_in_film
1900,/wiki/1900_in_film
1901,/wiki/1901_in_film
1902,/wiki/1902_in_film
1903,/wiki/1903_in_film
1904,/wiki/1904_in_film
1905,/wiki/1905_in_film
1906,/wiki/1906_in_film
1907,/wiki/1907_in_film
1908,/wiki/1908_in_film
1909,/wiki/1909_in_film
1890s,/wiki/1890s_in_film
1890,/wiki/1890_in_film
1891,/wiki/1891_in_film
1892,/wiki/1892_in_film
1893,/wiki/1893_in_film
1894,/wiki/1894_in_film
1895,/wiki/1895_in_film
1896,/wiki/1896_in_film
1897,/wiki/1897_in_film
1898,/wiki/1898_in_film
1899,/wiki/1899_in_film
1880s,/wiki/1880s_in_film
1880,/wiki/1880_in_film
1881,/wiki/1881_in_film
1882,/wiki/1882_in_film
1883,/wiki/1883_in_film
1884,/wiki/1884_in_film
1885,/wiki/1885_in_film
1886,/wiki/1886_in_film
1887,/wiki/1887_in_film
1888,/wiki/1888_in_film
1889,/wiki/1889_in_film
1870s,/wiki/1870s_in_film
1870,/wiki/1870_in_film
1871,/wiki/1871_in_film
1872,/wiki/1872_in_film
1873,/wiki/1873_in_film
1874,/wiki/1874_in_film
1875,/wiki/1875_in_film
1876,/wiki/1876_in_film
1877,/wiki/1877_in_film
1878,/wiki/1878_in_film
1879,/wiki/1879_in_film
